filename,scenario_id,scenario_type,target_visible,target_x,target_y,target_radius,target_id,beacon_intensity,decoy_count,star_count,noise_level,blur_kernel,width,height,random_seed
synthetic_0000_clean_target.png,1,clean_target,1,170,135,5,Terminal_B,248,0,0,0.0,0,640,480,42
synthetic_0001_clean_target.png,1,clean_target,1,329,40,8,Terminal_B,247,0,0,0.0,0,640,480,43
synthetic_0002_clean_target.png,1,clean_target,1,78,222,5,Terminal_B,226,0,0,0.0,0,640,480,44
synthetic_0003_clean_target.png,1,clean_target,1,76,279,6,Terminal_B,250,0,0,0.0,0,640,480,45
synthetic_0004_clean_target.png,1,clean_target,1,537,221,5,Terminal_B,235,0,0,0.0,0,640,480,46
synthetic_0005_clean_target.png,1,clean_target,1,140,303,5,Terminal_B,243,0,0,0.0,0,640,480,47
synthetic_0006_clean_target.png,1,clean_target,1,69,57,5,Terminal_B,239,0,0,0.0,0,640,480,48
synthetic_0007_clean_target.png,1,clean_target,1,281,237,5,Terminal_B,248,0,0,0.0,0,640,480,49
synthetic_0008_clean_target.png,1,clean_target,1,556,118,7,Terminal_B,237,0,0,0.0,0,640,480,50
synthetic_0009_clean_target.png,1,clean_target,1,358,207,6,Terminal_B,244,0,0,0.0,0,640,480,51
synthetic_0010_clean_target.png,1,clean_target,1,105,137,7,Terminal_B,235,0,0,0.0,0,640,480,52
synthetic_0011_clean_target.png,1,clean_target,1,404,41,7,Terminal_B,251,0,0,0.0,0,640,480,53
synthetic_0012_clean_target.png,1,clean_target,1,585,220,7,Terminal_B,230,0,0,0.0,0,640,480,54
synthetic_0013_clean_target.png,1,clean_target,1,600,82,5,Terminal_B,228,0,0,0.0,0,640,480,55
synthetic_0014_clean_target.png,1,clean_target,1,110,237,7,Terminal_B,250,0,0,0.0,0,640,480,56
synthetic_0015_clean_target.png,1,clean_target,1,327,54,5,Terminal_B,255,0,0,0.0,0,640,480,57
synthetic_0016_clean_target.png,1,clean_target,1,398,140,8,Terminal_B,255,0,0,0.0,0,640,480,58
synthetic_0017_clean_target.png,1,clean_target,1,328,129,7,Terminal_B,245,0,0,0.0,0,640,480,59
synthetic_0018_clean_target.png,1,clean_target,1,262,438,8,Terminal_B,228,0,0,0.0,0,640,480,60
synthetic_0019_clean_target.png,1,clean_target,1,556,208,5,Terminal_B,229,0,0,0.0,0,640,480,61
synthetic_0020_clean_target.png,1,clean_target,1,442,65,5,Terminal_B,247,0,0,0.0,0,640,480,62
synthetic_0021_clean_target.png,1,clean_target,1,436,26,8,Terminal_B,248,0,0,0.0,0,640,480,63
synthetic_0022_clean_target.png,1,clean_target,1,29,238,5,Terminal_B,236,0,0,0.0,0,640,480,64
synthetic_0023_clean_target.png,1,clean_target,1,181,40,6,Terminal_B,227,0,0,0.0,0,640,480,65
synthetic_0024_clean_target.png,1,clean_target,1,282,322,7,Terminal_B,251,0,0,0.0,0,640,480,66
synthetic_0025_clean_target.png,1,clean_target,1,356,230,6,Terminal_B,239,0,0,0.0,0,640,480,67
synthetic_0026_clean_target.png,1,clean_target,1,471,108,5,Terminal_B,234,0,0,0.0,0,640,480,68
synthetic_0027_clean_target.png,1,clean_target,1,613,388,5,Terminal_B,227,0,0,0.0,0,640,480,69
synthetic_0028_clean_target.png,1,clean_target,1,410,391,7,Terminal_B,237,0,0,0.0,0,640,480,70
synthetic_0029_clean_target.png,1,clean_target,1,329,254,8,Terminal_B,238,0,0,0.0,0,640,480,71
synthetic_0030_clean_target.png,1,clean_target,1,295,411,6,Terminal_B,246,0,0,0.0,0,640,480,72
synthetic_0031_clean_target.png,1,clean_target,1,119,183,7,Terminal_B,250,0,0,0.0,0,640,480,73
synthetic_0032_clean_target.png,1,clean_target,1,368,297,8,Terminal_B,239,0,0,0.0,0,640,480,74
synthetic_0033_clean_target.png,1,clean_target,1,298,206,5,Terminal_B,255,0,0,0.0,0,640,480,75
synthetic_0034_clean_target.png,1,clean_target,1,113,174,7,Terminal_B,254,0,0,0.0,0,640,480,76
synthetic_0035_clean_target.png,1,clean_target,1,293,454,7,Terminal_B,251,0,0,0.0,0,640,480,77
synthetic_0036_clean_target.png,1,clean_target,1,133,155,7,Terminal_B,236,0,0,0.0,0,640,480,78
synthetic_0037_clean_target.png,1,clean_target,1,254,232,7,Terminal_B,242,0,0,0.0,0,640,480,79
synthetic_0038_clean_target.png,1,clean_target,1,242,234,8,Terminal_B,239,0,0,0.0,0,640,480,80
synthetic_0039_clean_target.png,1,clean_target,1,49,376,7,Terminal_B,239,0,0,0.0,0,640,480,81
synthetic_0040_clean_target.png,1,clean_target,1,501,95,5,Terminal_B,254,0,0,0.0,0,640,480,82
synthetic_0041_clean_target.png,1,clean_target,1,435,135,6,Terminal_B,247,0,0,0.0,0,640,480,83
synthetic_0042_clean_target.png,1,clean_target,1,480,39,7,Terminal_B,225,0,0,0.0,0,640,480,84
synthetic_0043_clean_target.png,1,clean_target,1,501,450,5,Terminal_B,248,0,0,0.0,0,640,480,85
synthetic_0044_clean_target.png,1,clean_target,1,79,156,8,Terminal_B,237,0,0,0.0,0,640,480,86
synthetic_0045_clean_target.png,1,clean_target,1,485,383,8,Terminal_B,236,0,0,0.0,0,640,480,87
synthetic_0046_clean_target.png,1,clean_target,1,148,182,7,Terminal_B,227,0,0,0.0,0,640,480,88
synthetic_0047_clean_target.png,1,clean_target,1,247,130,5,Terminal_B,232,0,0,0.0,0,640,480,89
synthetic_0048_clean_target.png,1,clean_target,1,507,449,5,Terminal_B,232,0,0,0.0,0,640,480,90
synthetic_0049_clean_target.png,1,clean_target,1,275,440,5,Terminal_B,235,0,0,0.0,0,640,480,91
synthetic_0050_clean_target.png,1,clean_target,1,533,218,8,Terminal_B,249,0,0,0.0,0,640,480,92
synthetic_0051_clean_target.png,1,clean_target,1,553,452,5,Terminal_B,235,0,0,0.0,0,640,480,93
synthetic_0052_clean_target.png,1,clean_target,1,91,423,7,Terminal_B,250,0,0,0.0,0,640,480,94
synthetic_0053_clean_target.png,1,clean_target,1,532,427,6,Terminal_B,238,0,0,0.0,0,640,480,95
synthetic_0054_clean_target.png,1,clean_target,1,437,153,8,Terminal_B,231,0,0,0.0,0,640,480,96
synthetic_0055_clean_target.png,1,clean_target,1,52,28,8,Terminal_B,242,0,0,0.0,0,640,480,97
synthetic_0056_clean_target.png,1,clean_target,1,391,249,8,Terminal_B,252,0,0,0.0,0,640,480,98
synthetic_0057_clean_target.png,1,clean_target,1,374,381,5,Terminal_B,245,0,0,0.0,0,640,480,99
synthetic_0058_clean_target.png,1,clean_target,1,312,245,8,Terminal_B,227,0,0,0.0,0,640,480,100
synthetic_0059_clean_target.png,1,clean_target,1,196,200,5,Terminal_B,255,0,0,0.0,0,640,480,101
synthetic_0060_clean_target.png,1,clean_target,1,542,311,7,Terminal_B,251,0,0,0.0,0,640,480,102
synthetic_0061_clean_target.png,1,clean_target,1,510,323,5,Terminal_B,247,0,0,0.0,0,640,480,103
synthetic_0062_clean_target.png,1,clean_target,1,531,292,5,Terminal_B,235,0,0,0.0,0,640,480,104
synthetic_0063_clean_target.png,1,clean_target,1,190,395,5,Terminal_B,247,0,0,0.0,0,640,480,105
synthetic_0064_clean_target.png,1,clean_target,1,95,32,5,Terminal_B,250,0,0,0.0,0,640,480,106
synthetic_0065_clean_target.png,1,clean_target,1,453,114,5,Terminal_B,240,0,0,0.0,0,640,480,107
synthetic_0066_clean_target.png,1,clean_target,1,386,197,7,Terminal_B,248,0,0,0.0,0,640,480,108
synthetic_0067_clean_target.png,1,clean_target,1,304,301,8,Terminal_B,229,0,0,0.0,0,640,480,109
synthetic_0068_clean_target.png,1,clean_target,1,270,96,6,Terminal_B,255,0,0,0.0,0,640,480,110
synthetic_0069_clean_target.png,1,clean_target,1,176,251,8,Terminal_B,225,0,0,0.0,0,640,480,111
synthetic_0070_clean_target.png,1,clean_target,1,413,313,5,Terminal_B,251,0,0,0.0,0,640,480,112
synthetic_0071_clean_target.png,1,clean_target,1,254,179,5,Terminal_B,248,0,0,0.0,0,640,480,113
synthetic_0072_clean_target.png,1,clean_target,1,417,128,8,Terminal_B,250,0,0,0.0,0,640,480,114
synthetic_0073_clean_target.png,1,clean_target,1,389,196,5,Terminal_B,236,0,0,0.0,0,640,480,115
synthetic_0074_clean_target.png,1,clean_target,1,501,262,8,Terminal_B,228,0,0,0.0,0,640,480,116
synthetic_0075_clean_target.png,1,clean_target,1,384,287,8,Terminal_B,235,0,0,0.0,0,640,480,117
synthetic_0076_clean_target.png,1,clean_target,1,606,421,5,Terminal_B,239,0,0,0.0,0,640,480,118
synthetic_0077_clean_target.png,1,clean_target,1,384,121,8,Terminal_B,250,0,0,0.0,0,640,480,119
synthetic_0078_clean_target.png,1,clean_target,1,337,260,8,Terminal_B,240,0,0,0.0,0,640,480,120
synthetic_0079_clean_target.png,1,clean_target,1,296,97,6,Terminal_B,241,0,0,0.0,0,640,480,121
synthetic_0080_clean_target.png,1,clean_target,1,415,96,7,Terminal_B,245,0,0,0.0,0,640,480,122
synthetic_0081_clean_target.png,1,clean_target,1,438,88,6,Terminal_B,230,0,0,0.0,0,640,480,123
synthetic_0082_clean_target.png,1,clean_target,1,260,144,7,Terminal_B,234,0,0,0.0,0,640,480,124
synthetic_0083_clean_target.png,1,clean_target,1,213,131,6,Terminal_B,251,0,0,0.0,0,640,480,125
synthetic_0084_clean_target.png,1,clean_target,1,193,46,6,Terminal_B,239,0,0,0.0,0,640,480,126
synthetic_0085_clean_target.png,1,clean_target,1,337,279,5,Terminal_B,246,0,0,0.0,0,640,480,127
synthetic_0086_clean_target.png,1,clean_target,1,339,269,7,Terminal_B,228,0,0,0.0,0,640,480,128
synthetic_0087_clean_target.png,1,clean_target,1,520,418,7,Terminal_B,255,0,0,0.0,0,640,480,129
synthetic_0088_clean_target.png,1,clean_target,1,438,227,5,Terminal_B,232,0,0,0.0,0,640,480,130
synthetic_0089_clean_target.png,1,clean_target,1,425,98,7,Terminal_B,253,0,0,0.0,0,640,480,131
synthetic_0090_clean_target.png,1,clean_target,1,332,124,7,Terminal_B,249,0,0,0.0,0,640,480,132
synthetic_0091_clean_target.png,1,clean_target,1,277,265,7,Terminal_B,231,0,0,0.0,0,640,480,133
synthetic_0092_clean_target.png,1,clean_target,1,544,48,5,Terminal_B,254,0,0,0.0,0,640,480,134
synthetic_0093_clean_target.png,1,clean_target,1,416,124,8,Terminal_B,227,0,0,0.0,0,640,480,135
synthetic_0094_clean_target.png,1,clean_target,1,315,85,5,Terminal_B,226,0,0,0.0,0,640,480,136
synthetic_0095_clean_target.png,1,clean_target,1,595,286,7,Terminal_B,226,0,0,0.0,0,640,480,137
synthetic_0096_clean_target.png,1,clean_target,1,457,161,6,Terminal_B,241,0,0,0.0,0,640,480,138
synthetic_0097_clean_target.png,1,clean_target,1,584,440,5,Terminal_B,250,0,0,0.0,0,640,480,139
synthetic_0098_clean_target.png,1,clean_target,1,548,104,8,Terminal_B,250,0,0,0.0,0,640,480,140
synthetic_0099_clean_target.png,1,clean_target,1,20,228,5,Terminal_B,246,0,0,0.0,0,640,480,141
synthetic_0100_target_with_stars.png,2,target_with_stars,1,42,145,8,Terminal_B,237,0,51,0.0,0,640,480,142
synthetic_0101_target_with_stars.png,2,target_with_stars,1,187,34,5,Terminal_B,237,0,103,0.0,0,640,480,143
synthetic_0102_target_with_stars.png,2,target_with_stars,1,381,22,6,Terminal_B,249,0,76,0.0,0,640,480,144
synthetic_0103_target_with_stars.png,2,target_with_stars,1,452,343,5,Terminal_B,225,0,82,0.0,0,640,480,145
synthetic_0104_target_with_stars.png,2,target_with_stars,1,601,38,6,Terminal_B,253,0,79,0.0,0,640,480,146
synthetic_0105_target_with_stars.png,2,target_with_stars,1,391,146,7,Terminal_B,251,0,119,0.0,0,640,480,147
synthetic_0106_target_with_stars.png,2,target_with_stars,1,155,20,6,Terminal_B,235,0,102,0.0,0,640,480,148
synthetic_0107_target_with_stars.png,2,target_with_stars,1,535,118,5,Terminal_B,232,0,98,0.0,0,640,480,149
synthetic_0108_target_with_stars.png,2,target_with_stars,1,529,238,5,Terminal_B,251,0,106,0.0,0,640,480,150
synthetic_0109_target_with_stars.png,2,target_with_stars,1,62,343,8,Terminal_B,245,0,126,0.0,0,640,480,151
synthetic_0110_target_with_stars.png,2,target_with_stars,1,513,103,7,Terminal_B,239,0,122,0.0,0,640,480,152
synthetic_0111_target_with_stars.png,2,target_with_stars,1,244,360,6,Terminal_B,225,0,67,0.0,0,640,480,153
synthetic_0112_target_with_stars.png,2,target_with_stars,1,301,454,6,Terminal_B,225,0,114,0.0,0,640,480,154
synthetic_0113_target_with_stars.png,2,target_with_stars,1,548,346,6,Terminal_B,233,0,127,0.0,0,640,480,155
synthetic_0114_target_with_stars.png,2,target_with_stars,1,429,418,7,Terminal_B,252,0,83,0.0,0,640,480,156
synthetic_0115_target_with_stars.png,2,target_with_stars,1,376,139,6,Terminal_B,237,0,65,0.0,0,640,480,157
synthetic_0116_target_with_stars.png,2,target_with_stars,1,562,371,6,Terminal_B,251,0,49,0.0,0,640,480,158
synthetic_0117_target_with_stars.png,2,target_with_stars,1,412,447,5,Terminal_B,248,0,66,0.0,0,640,480,159
synthetic_0118_target_with_stars.png,2,target_with_stars,1,291,110,8,Terminal_B,243,0,53,0.0,0,640,480,160
synthetic_0119_target_with_stars.png,2,target_with_stars,1,468,227,5,Terminal_B,251,0,105,0.0,0,640,480,161
synthetic_0120_target_with_stars.png,2,target_with_stars,1,221,145,7,Terminal_B,226,0,87,0.0,0,640,480,162
synthetic_0121_target_with_stars.png,2,target_with_stars,1,442,449,7,Terminal_B,231,0,113,0.0,0,640,480,163
synthetic_0122_target_with_stars.png,2,target_with_stars,1,595,110,6,Terminal_B,250,0,56,0.0,0,640,480,164
synthetic_0123_target_with_stars.png,2,target_with_stars,1,450,44,7,Terminal_B,232,0,70,0.0,0,640,480,165
synthetic_0124_target_with_stars.png,2,target_with_stars,1,289,372,5,Terminal_B,250,0,99,0.0,0,640,480,166
synthetic_0125_target_with_stars.png,2,target_with_stars,1,232,147,6,Terminal_B,237,0,47,0.0,0,640,480,167
synthetic_0126_target_with_stars.png,2,target_with_stars,1,224,279,7,Terminal_B,252,0,95,0.0,0,640,480,168
synthetic_0127_target_with_stars.png,2,target_with_stars,1,403,270,7,Terminal_B,232,0,78,0.0,0,640,480,169
synthetic_0128_target_with_stars.png,2,target_with_stars,1,508,23,6,Terminal_B,233,0,72,0.0,0,640,480,170
synthetic_0129_target_with_stars.png,2,target_with_stars,1,434,360,8,Terminal_B,255,0,46,0.0,0,640,480,171
synthetic_0130_target_with_stars.png,2,target_with_stars,1,159,122,8,Terminal_B,246,0,76,0.0,0,640,480,172
synthetic_0131_target_with_stars.png,2,target_with_stars,1,245,30,6,Terminal_B,228,0,82,0.0,0,640,480,173
synthetic_0132_target_with_stars.png,2,target_with_stars,1,557,203,7,Terminal_B,254,0,93,0.0,0,640,480,174
synthetic_0133_target_with_stars.png,2,target_with_stars,1,574,105,7,Terminal_B,246,0,98,0.0,0,640,480,175
synthetic_0134_target_with_stars.png,2,target_with_stars,1,265,357,7,Terminal_B,251,0,93,0.0,0,640,480,176
synthetic_0135_target_with_stars.png,2,target_with_stars,1,417,450,5,Terminal_B,255,0,92,0.0,0,640,480,177
synthetic_0136_target_with_stars.png,2,target_with_stars,1,444,237,8,Terminal_B,231,0,52,0.0,0,640,480,178
synthetic_0137_target_with_stars.png,2,target_with_stars,1,296,250,6,Terminal_B,225,0,123,0.0,0,640,480,179
synthetic_0138_target_with_stars.png,2,target_with_stars,1,456,318,7,Terminal_B,227,0,67,0.0,0,640,480,180
synthetic_0139_target_with_stars.png,2,target_with_stars,1,30,286,6,Terminal_B,233,0,118,0.0,0,640,480,181
synthetic_0140_target_with_stars.png,2,target_with_stars,1,492,231,8,Terminal_B,233,0,68,0.0,0,640,480,182
synthetic_0141_target_with_stars.png,2,target_with_stars,1,549,187,7,Terminal_B,243,0,60,0.0,0,640,480,183
synthetic_0142_target_with_stars.png,2,target_with_stars,1,335,233,5,Terminal_B,227,0,65,0.0,0,640,480,184
synthetic_0143_target_with_stars.png,2,target_with_stars,1,150,262,7,Terminal_B,233,0,61,0.0,0,640,480,185
synthetic_0144_target_with_stars.png,2,target_with_stars,1,144,223,6,Terminal_B,235,0,53,0.0,0,640,480,186
synthetic_0145_target_with_stars.png,2,target_with_stars,1,319,49,7,Terminal_B,253,0,49,0.0,0,640,480,187
synthetic_0146_target_with_stars.png,2,target_with_stars,1,164,399,7,Terminal_B,233,0,51,0.0,0,640,480,188
synthetic_0147_target_with_stars.png,2,target_with_stars,1,381,315,8,Terminal_B,225,0,72,0.0,0,640,480,189
synthetic_0148_target_with_stars.png,2,target_with_stars,1,266,98,6,Terminal_B,233,0,109,0.0,0,640,480,190
synthetic_0149_target_with_stars.png,2,target_with_stars,1,569,409,7,Terminal_B,243,0,79,0.0,0,640,480,191
synthetic_0150_target_with_stars.png,2,target_with_stars,1,313,96,8,Terminal_B,254,0,112,0.0,0,640,480,192
synthetic_0151_target_with_stars.png,2,target_with_stars,1,517,325,8,Terminal_B,233,0,84,0.0,0,640,480,193
synthetic_0152_target_with_stars.png,2,target_with_stars,1,106,151,6,Terminal_B,254,0,74,0.0,0,640,480,194
synthetic_0153_target_with_stars.png,2,target_with_stars,1,276,151,6,Terminal_B,237,0,53,0.0,0,640,480,195
synthetic_0154_target_with_stars.png,2,target_with_stars,1,499,137,7,Terminal_B,239,0,73,0.0,0,640,480,196
synthetic_0155_target_with_stars.png,2,target_with_stars,1,37,213,6,Terminal_B,248,0,83,0.0,0,640,480,197
synthetic_0156_target_with_stars.png,2,target_with_stars,1,547,411,8,Terminal_B,245,0,86,0.0,0,640,480,198
synthetic_0157_target_with_stars.png,2,target_with_stars,1,215,233,8,Terminal_B,253,0,121,0.0,0,640,480,199
synthetic_0158_target_with_stars.png,2,target_with_stars,1,172,198,7,Terminal_B,241,0,119,0.0,0,640,480,200
synthetic_0159_target_with_stars.png,2,target_with_stars,1,588,331,7,Terminal_B,244,0,119,0.0,0,640,480,201
synthetic_0160_target_with_stars.png,2,target_with_stars,1,273,321,5,Terminal_B,245,0,81,0.0,0,640,480,202
synthetic_0161_target_with_stars.png,2,target_with_stars,1,465,114,5,Terminal_B,229,0,78,0.0,0,640,480,203
synthetic_0162_target_with_stars.png,2,target_with_stars,1,248,194,5,Terminal_B,238,0,115,0.0,0,640,480,204
synthetic_0163_target_with_stars.png,2,target_with_stars,1,167,434,6,Terminal_B,246,0,124,0.0,0,640,480,205
synthetic_0164_target_with_stars.png,2,target_with_stars,1,145,216,7,Terminal_B,232,0,51,0.0,0,640,480,206
synthetic_0165_target_with_stars.png,2,target_with_stars,1,576,283,6,Terminal_B,254,0,85,0.0,0,640,480,207
synthetic_0166_target_with_stars.png,2,target_with_stars,1,152,432,8,Terminal_B,238,0,84,0.0,0,640,480,208
synthetic_0167_target_with_stars.png,2,target_with_stars,1,444,398,5,Terminal_B,238,0,50,0.0,0,640,480,209
synthetic_0168_target_with_stars.png,2,target_with_stars,1,369,76,7,Terminal_B,249,0,95,0.0,0,640,480,210
synthetic_0169_target_with_stars.png,2,target_with_stars,1,185,208,7,Terminal_B,237,0,125,0.0,0,640,480,211
synthetic_0170_target_with_stars.png,2,target_with_stars,1,152,124,6,Terminal_B,252,0,64,0.0,0,640,480,212
synthetic_0171_target_with_stars.png,2,target_with_stars,1,499,270,6,Terminal_B,241,0,62,0.0,0,640,480,213
synthetic_0172_target_with_stars.png,2,target_with_stars,1,419,128,8,Terminal_B,252,0,104,0.0,0,640,480,214
synthetic_0173_target_with_stars.png,2,target_with_stars,1,107,149,6,Terminal_B,232,0,96,0.0,0,640,480,215
synthetic_0174_target_with_stars.png,2,target_with_stars,1,466,183,7,Terminal_B,245,0,93,0.0,0,640,480,216
synthetic_0175_target_with_stars.png,2,target_with_stars,1,96,42,7,Terminal_B,254,0,48,0.0,0,640,480,217
synthetic_0176_target_with_stars.png,2,target_with_stars,1,97,64,6,Terminal_B,230,0,102,0.0,0,640,480,218
synthetic_0177_target_with_stars.png,2,target_with_stars,1,257,392,7,Terminal_B,228,0,101,0.0,0,640,480,219
synthetic_0178_target_with_stars.png,2,target_with_stars,1,518,249,5,Terminal_B,242,0,99,0.0,0,640,480,220
synthetic_0179_target_with_stars.png,2,target_with_stars,1,307,375,6,Terminal_B,235,0,109,0.0,0,640,480,221
synthetic_0180_target_with_stars.png,2,target_with_stars,1,219,71,7,Terminal_B,230,0,87,0.0,0,640,480,222
synthetic_0181_target_with_stars.png,2,target_with_stars,1,30,174,7,Terminal_B,230,0,55,0.0,0,640,480,223
synthetic_0182_target_with_stars.png,2,target_with_stars,1,396,238,5,Terminal_B,235,0,88,0.0,0,640,480,224
synthetic_0183_target_with_stars.png,2,target_with_stars,1,545,126,7,Terminal_B,252,0,56,0.0,0,640,480,225
synthetic_0184_target_with_stars.png,2,target_with_stars,1,588,58,6,Terminal_B,228,0,55,0.0,0,640,480,226
synthetic_0185_target_with_stars.png,2,target_with_stars,1,557,208,7,Terminal_B,250,0,121,0.0,0,640,480,227
synthetic_0186_target_with_stars.png,2,target_with_stars,1,205,241,6,Terminal_B,237,0,102,0.0,0,640,480,228
synthetic_0187_target_with_stars.png,2,target_with_stars,1,563,422,7,Terminal_B,233,0,116,0.0,0,640,480,229
synthetic_0188_target_with_stars.png,2,target_with_stars,1,295,103,6,Terminal_B,226,0,80,0.0,0,640,480,230
synthetic_0189_target_with_stars.png,2,target_with_stars,1,384,407,7,Terminal_B,242,0,93,0.0,0,640,480,231
synthetic_0190_target_with_stars.png,2,target_with_stars,1,269,218,6,Terminal_B,255,0,118,0.0,0,640,480,232
synthetic_0191_target_with_stars.png,2,target_with_stars,1,383,51,6,Terminal_B,252,0,95,0.0,0,640,480,233
synthetic_0192_target_with_stars.png,2,target_with_stars,1,465,70,6,Terminal_B,231,0,108,0.0,0,640,480,234
synthetic_0193_target_with_stars.png,2,target_with_stars,1,320,298,7,Terminal_B,253,0,71,0.0,0,640,480,235
synthetic_0194_target_with_stars.png,2,target_with_stars,1,266,395,8,Terminal_B,251,0,108,0.0,0,640,480,236
synthetic_0195_target_with_stars.png,2,target_with_stars,1,356,171,6,Terminal_B,253,0,123,0.0,0,640,480,237
synthetic_0196_target_with_stars.png,2,target_with_stars,1,325,301,5,Terminal_B,247,0,116,0.0,0,640,480,238
synthetic_0197_target_with_stars.png,2,target_with_stars,1,509,364,7,Terminal_B,232,0,50,0.0,0,640,480,239
synthetic_0198_target_with_stars.png,2,target_with_stars,1,268,322,6,Terminal_B,249,0,120,0.0,0,640,480,240
synthetic_0199_target_with_stars.png,2,target_with_stars,1,245,431,8,Terminal_B,228,0,111,0.0,0,640,480,241
synthetic_0200_varied_target_size_brightness.png,3,varied_target_size_brightness,1,52,309,5,Terminal_B,255,0,0,0.0,0,640,480,242
synthetic_0201_varied_target_size_brightness.png,3,varied_target_size_brightness,1,55,65,10,Terminal_B,254,0,0,0.0,0,640,480,243
synthetic_0202_varied_target_size_brightness.png,3,varied_target_size_brightness,1,177,441,9,Terminal_B,238,0,0,0.0,0,640,480,244
synthetic_0203_varied_target_size_brightness.png,3,varied_target_size_brightness,1,315,44,7,Terminal_B,226,0,0,0.0,0,640,480,245
synthetic_0204_varied_target_size_brightness.png,3,varied_target_size_brightness,1,538,445,8,Terminal_B,219,0,0,0.0,0,640,480,246
synthetic_0205_varied_target_size_brightness.png,3,varied_target_size_brightness,1,140,301,8,Terminal_B,255,0,0,0.0,0,640,480,247
synthetic_0206_varied_target_size_brightness.png,3,varied_target_size_brightness,1,405,321,9,Terminal_B,232,0,0,0.0,0,640,480,248
synthetic_0207_varied_target_size_brightness.png,3,varied_target_size_brightness,1,535,448,8,Terminal_B,234,0,0,0.0,0,640,480,249
synthetic_0208_varied_target_size_brightness.png,3,varied_target_size_brightness,1,185,334,9,Terminal_B,242,0,0,0.0,0,640,480,250
synthetic_0209_varied_target_size_brightness.png,3,varied_target_size_brightness,1,421,392,9,Terminal_B,251,0,0,0.0,0,640,480,251
synthetic_0210_varied_target_size_brightness.png,3,varied_target_size_brightness,1,572,292,8,Terminal_B,238,0,0,0.0,0,640,480,252
synthetic_0211_varied_target_size_brightness.png,3,varied_target_size_brightness,1,567,111,9,Terminal_B,237,0,0,0.0,0,640,480,253
synthetic_0212_varied_target_size_brightness.png,3,varied_target_size_brightness,1,128,70,4,Terminal_B,211,0,0,0.0,0,640,480,254
synthetic_0213_varied_target_size_brightness.png,3,varied_target_size_brightness,1,363,248,8,Terminal_B,224,0,0,0.0,0,640,480,255
synthetic_0214_varied_target_size_brightness.png,3,varied_target_size_brightness,1,60,235,9,Terminal_B,217,0,0,0.0,0,640,480,256
synthetic_0215_varied_target_size_brightness.png,3,varied_target_size_brightness,1,148,203,5,Terminal_B,232,0,0,0.0,0,640,480,257
synthetic_0216_varied_target_size_brightness.png,3,varied_target_size_brightness,1,490,432,5,Terminal_B,246,0,0,0.0,0,640,480,258
synthetic_0217_varied_target_size_brightness.png,3,varied_target_size_brightness,1,616,53,7,Terminal_B,223,0,0,0.0,0,640,480,259
synthetic_0218_varied_target_size_brightness.png,3,varied_target_size_brightness,1,219,126,4,Terminal_B,237,0,0,0.0,0,640,480,260
synthetic_0219_varied_target_size_brightness.png,3,varied_target_size_brightness,1,98,153,7,Terminal_B,245,0,0,0.0,0,640,480,261
synthetic_0220_varied_target_size_brightness.png,3,varied_target_size_brightness,1,97,211,6,Terminal_B,216,0,0,0.0,0,640,480,262
synthetic_0221_varied_target_size_brightness.png,3,varied_target_size_brightness,1,248,284,5,Terminal_B,246,0,0,0.0,0,640,480,263
synthetic_0222_varied_target_size_brightness.png,3,varied_target_size_brightness,1,546,273,5,Terminal_B,244,0,0,0.0,0,640,480,264
synthetic_0223_varied_target_size_brightness.png,3,varied_target_size_brightness,1,253,331,10,Terminal_B,215,0,0,0.0,0,640,480,265
synthetic_0224_varied_target_size_brightness.png,3,varied_target_size_brightness,1,226,223,8,Terminal_B,248,0,0,0.0,0,640,480,266
synthetic_0225_varied_target_size_brightness.png,3,varied_target_size_brightness,1,465,87,5,Terminal_B,251,0,0,0.0,0,640,480,267
synthetic_0226_varied_target_size_brightness.png,3,varied_target_size_brightness,1,571,248,5,Terminal_B,252,0,0,0.0,0,640,480,268
synthetic_0227_varied_target_size_brightness.png,3,varied_target_size_brightness,1,196,116,8,Terminal_B,237,0,0,0.0,0,640,480,269
synthetic_0228_varied_target_size_brightness.png,3,varied_target_size_brightness,1,449,330,8,Terminal_B,240,0,0,0.0,0,640,480,270
synthetic_0229_varied_target_size_brightness.png,3,varied_target_size_brightness,1,321,53,10,Terminal_B,235,0,0,0.0,0,640,480,271
synthetic_0230_varied_target_size_brightness.png,3,varied_target_size_brightness,1,528,128,5,Terminal_B,220,0,0,0.0,0,640,480,272
synthetic_0231_varied_target_size_brightness.png,3,varied_target_size_brightness,1,526,72,7,Terminal_B,243,0,0,0.0,0,640,480,273
synthetic_0232_varied_target_size_brightness.png,3,varied_target_size_brightness,1,494,324,7,Terminal_B,232,0,0,0.0,0,640,480,274
synthetic_0233_varied_target_size_brightness.png,3,varied_target_size_brightness,1,586,60,8,Terminal_B,215,0,0,0.0,0,640,480,275
synthetic_0234_varied_target_size_brightness.png,3,varied_target_size_brightness,1,523,35,6,Terminal_B,224,0,0,0.0,0,640,480,276
synthetic_0235_varied_target_size_brightness.png,3,varied_target_size_brightness,1,352,121,7,Terminal_B,225,0,0,0.0,0,640,480,277
synthetic_0236_varied_target_size_brightness.png,3,varied_target_size_brightness,1,101,236,8,Terminal_B,240,0,0,0.0,0,640,480,278
synthetic_0237_varied_target_size_brightness.png,3,varied_target_size_brightness,1,434,115,10,Terminal_B,234,0,0,0.0,0,640,480,279
synthetic_0238_varied_target_size_brightness.png,3,varied_target_size_brightness,1,501,235,10,Terminal_B,230,0,0,0.0,0,640,480,280
synthetic_0239_varied_target_size_brightness.png,3,varied_target_size_brightness,1,530,67,7,Terminal_B,250,0,0,0.0,0,640,480,281
synthetic_0240_varied_target_size_brightness.png,3,varied_target_size_brightness,1,543,305,10,Terminal_B,216,0,0,0.0,0,640,480,282
synthetic_0241_varied_target_size_brightness.png,3,varied_target_size_brightness,1,333,422,4,Terminal_B,237,0,0,0.0,0,640,480,283
synthetic_0242_varied_target_size_brightness.png,3,varied_target_size_brightness,1,173,396,10,Terminal_B,255,0,0,0.0,0,640,480,284
synthetic_0243_varied_target_size_brightness.png,3,varied_target_size_brightness,1,167,350,10,Terminal_B,228,0,0,0.0,0,640,480,285
synthetic_0244_varied_target_size_brightness.png,3,varied_target_size_brightness,1,142,206,5,Terminal_B,235,0,0,0.0,0,640,480,286
synthetic_0245_varied_target_size_brightness.png,3,varied_target_size_brightness,1,401,317,10,Terminal_B,239,0,0,0.0,0,640,480,287
synthetic_0246_varied_target_size_brightness.png,3,varied_target_size_brightness,1,342,337,6,Terminal_B,232,0,0,0.0,0,640,480,288
synthetic_0247_varied_target_size_brightness.png,3,varied_target_size_brightness,1,375,312,6,Terminal_B,225,0,0,0.0,0,640,480,289
synthetic_0248_varied_target_size_brightness.png,3,varied_target_size_brightness,1,116,96,6,Terminal_B,243,0,0,0.0,0,640,480,290
synthetic_0249_varied_target_size_brightness.png,3,varied_target_size_brightness,1,404,338,4,Terminal_B,219,0,0,0.0,0,640,480,291
synthetic_0250_varied_target_size_brightness.png,3,varied_target_size_brightness,1,421,429,5,Terminal_B,226,0,0,0.0,0,640,480,292
synthetic_0251_varied_target_size_brightness.png,3,varied_target_size_brightness,1,220,219,7,Terminal_B,246,0,0,0.0,0,640,480,293
synthetic_0252_varied_target_size_brightness.png,3,varied_target_size_brightness,1,250,367,5,Terminal_B,236,0,0,0.0,0,640,480,294
synthetic_0253_varied_target_size_brightness.png,3,varied_target_size_brightness,1,315,245,10,Terminal_B,249,0,0,0.0,0,640,480,295
synthetic_0254_varied_target_size_brightness.png,3,varied_target_size_brightness,1,291,151,9,Terminal_B,225,0,0,0.0,0,640,480,296
synthetic_0255_varied_target_size_brightness.png,3,varied_target_size_brightness,1,253,308,8,Terminal_B,221,0,0,0.0,0,640,480,297
synthetic_0256_varied_target_size_brightness.png,3,varied_target_size_brightness,1,398,356,5,Terminal_B,241,0,0,0.0,0,640,480,298
synthetic_0257_varied_target_size_brightness.png,3,varied_target_size_brightness,1,296,240,4,Terminal_B,230,0,0,0.0,0,640,480,299
synthetic_0258_varied_target_size_brightness.png,3,varied_target_size_brightness,1,272,320,5,Terminal_B,249,0,0,0.0,0,640,480,300
synthetic_0259_varied_target_size_brightness.png,3,varied_target_size_brightness,1,198,150,10,Terminal_B,231,0,0,0.0,0,640,480,301
synthetic_0260_varied_target_size_brightness.png,3,varied_target_size_brightness,1,104,64,4,Terminal_B,216,0,0,0.0,0,640,480,302
synthetic_0261_varied_target_size_brightness.png,3,varied_target_size_brightness,1,77,266,4,Terminal_B,214,0,0,0.0,0,640,480,303
synthetic_0262_varied_target_size_brightness.png,3,varied_target_size_brightness,1,554,69,10,Terminal_B,246,0,0,0.0,0,640,480,304
synthetic_0263_varied_target_size_brightness.png,3,varied_target_size_brightness,1,437,390,6,Terminal_B,213,0,0,0.0,0,640,480,305
synthetic_0264_varied_target_size_brightness.png,3,varied_target_size_brightness,1,423,162,9,Terminal_B,253,0,0,0.0,0,640,480,306
synthetic_0265_varied_target_size_brightness.png,3,varied_target_size_brightness,1,126,367,6,Terminal_B,242,0,0,0.0,0,640,480,307
synthetic_0266_varied_target_size_brightness.png,3,varied_target_size_brightness,1,453,201,4,Terminal_B,253,0,0,0.0,0,640,480,308
synthetic_0267_varied_target_size_brightness.png,3,varied_target_size_brightness,1,511,268,6,Terminal_B,219,0,0,0.0,0,640,480,309
synthetic_0268_varied_target_size_brightness.png,3,varied_target_size_brightness,1,409,418,4,Terminal_B,229,0,0,0.0,0,640,480,310
synthetic_0269_varied_target_size_brightness.png,3,varied_target_size_brightness,1,354,169,7,Terminal_B,243,0,0,0.0,0,640,480,311
synthetic_0270_varied_target_size_brightness.png,3,varied_target_size_brightness,1,330,344,8,Terminal_B,215,0,0,0.0,0,640,480,312
synthetic_0271_varied_target_size_brightness.png,3,varied_target_size_brightness,1,252,308,7,Terminal_B,226,0,0,0.0,0,640,480,313
synthetic_0272_varied_target_size_brightness.png,3,varied_target_size_brightness,1,486,272,6,Terminal_B,210,0,0,0.0,0,640,480,314
synthetic_0273_varied_target_size_brightness.png,3,varied_target_size_brightness,1,138,271,10,Terminal_B,254,0,0,0.0,0,640,480,315
synthetic_0274_varied_target_size_brightness.png,3,varied_target_size_brightness,1,173,180,9,Terminal_B,229,0,0,0.0,0,640,480,316
synthetic_0275_varied_target_size_brightness.png,3,varied_target_size_brightness,1,38,206,10,Terminal_B,244,0,0,0.0,0,640,480,317
synthetic_0276_varied_target_size_brightness.png,3,varied_target_size_brightness,1,326,352,4,Terminal_B,217,0,0,0.0,0,640,480,318
synthetic_0277_varied_target_size_brightness.png,3,varied_target_size_brightness,1,144,40,10,Terminal_B,232,0,0,0.0,0,640,480,319
synthetic_0278_varied_target_size_brightness.png,3,varied_target_size_brightness,1,365,391,8,Terminal_B,248,0,0,0.0,0,640,480,320
synthetic_0279_varied_target_size_brightness.png,3,varied_target_size_brightness,1,172,359,8,Terminal_B,225,0,0,0.0,0,640,480,321
synthetic_0280_varied_target_size_brightness.png,3,varied_target_size_brightness,1,318,321,4,Terminal_B,211,0,0,0.0,0,640,480,322
synthetic_0281_varied_target_size_brightness.png,3,varied_target_size_brightness,1,132,226,4,Terminal_B,234,0,0,0.0,0,640,480,323
synthetic_0282_varied_target_size_brightness.png,3,varied_target_size_brightness,1,32,100,5,Terminal_B,236,0,0,0.0,0,640,480,324
synthetic_0283_varied_target_size_brightness.png,3,varied_target_size_brightness,1,40,154,7,Terminal_B,221,0,0,0.0,0,640,480,325
synthetic_0284_varied_target_size_brightness.png,3,varied_target_size_brightness,1,212,277,10,Terminal_B,242,0,0,0.0,0,640,480,326
synthetic_0285_varied_target_size_brightness.png,3,varied_target_size_brightness,1,69,460,5,Terminal_B,222,0,0,0.0,0,640,480,327
synthetic_0286_varied_target_size_brightness.png,3,varied_target_size_brightness,1,332,421,7,Terminal_B,210,0,0,0.0,0,640,480,328
synthetic_0287_varied_target_size_brightness.png,3,varied_target_size_brightness,1,42,407,8,Terminal_B,219,0,0,0.0,0,640,480,329
synthetic_0288_varied_target_size_brightness.png,3,varied_target_size_brightness,1,579,122,9,Terminal_B,245,0,0,0.0,0,640,480,330
synthetic_0289_varied_target_size_brightness.png,3,varied_target_size_brightness,1,535,118,4,Terminal_B,231,0,0,0.0,0,640,480,331
synthetic_0290_varied_target_size_brightness.png,3,varied_target_size_brightness,1,122,354,7,Terminal_B,253,0,0,0.0,0,640,480,332
synthetic_0291_varied_target_size_brightness.png,3,varied_target_size_brightness,1,476,151,6,Terminal_B,239,0,0,0.0,0,640,480,333
synthetic_0292_varied_target_size_brightness.png,3,varied_target_size_brightness,1,114,356,5,Terminal_B,224,0,0,0.0,0,640,480,334
synthetic_0293_varied_target_size_brightness.png,3,varied_target_size_brightness,1,466,134,7,Terminal_B,225,0,0,0.0,0,640,480,335
synthetic_0294_varied_target_size_brightness.png,3,varied_target_size_brightness,1,562,88,9,Terminal_B,245,0,0,0.0,0,640,480,336
synthetic_0295_varied_target_size_brightness.png,3,varied_target_size_brightness,1,459,26,6,Terminal_B,222,0,0,0.0,0,640,480,337
synthetic_0296_varied_target_size_brightness.png,3,varied_target_size_brightness,1,141,101,6,Terminal_B,251,0,0,0.0,0,640,480,338
synthetic_0297_varied_target_size_brightness.png,3,varied_target_size_brightness,1,40,351,6,Terminal_B,225,0,0,0.0,0,640,480,339
synthetic_0298_varied_target_size_brightness.png,3,varied_target_size_brightness,1,289,278,10,Terminal_B,237,0,0,0.0,0,640,480,340
synthetic_0299_varied_target_size_brightness.png,3,varied_target_size_brightness,1,290,272,8,Terminal_B,223,0,0,0.0,0,640,480,341
synthetic_0300_sensor_noise_and_blur.png,4,sensor_noise_and_blur,1,298,126,8,Terminal_B,225,0,37,20.978,7,640,480,342
synthetic_0301_sensor_noise_and_blur.png,4,sensor_noise_and_blur,1,254,26,7,Terminal_B,242,0,27,15.907,5,640,480,343
synthetic_0302_sensor_noise_and_blur.png,4,sensor_noise_and_blur,1,602,315,6,Terminal_B,236,0,20,17.021,5,640,480,344
synthetic_0303_sensor_noise_and_blur.png,4,sensor_noise_and_blur,1,86,234,5,Terminal_B,242,0,72,9.679,7,640,480,345
synthetic_0304_sensor_noise_and_blur.png,4,sensor_noise_and_blur,1,507,36,7,Terminal_B,254,0,66,17.379,3,640,480,346
synthetic_0305_sensor_noise_and_blur.png,4,sensor_noise_and_blur,1,166,39,6,Terminal_B,248,0,55,13.565,5,640,480,347
synthetic_0306_sensor_noise_and_blur.png,4,sensor_noise_and_blur,1,598,435,7,Terminal_B,225,0,37,10.305,3,640,480,348
synthetic_0307_sensor_noise_and_blur.png,4,sensor_noise_and_blur,1,212,219,5,Terminal_B,255,0,62,17.913,7,640,480,349
synthetic_0308_sensor_noise_and_blur.png,4,sensor_noise_and_blur,1,539,383,7,Terminal_B,244,0,53,11.325,5,640,480,350
synthetic_0309_sensor_noise_and_blur.png,4,sensor_noise_and_blur,1,512,74,5,Terminal_B,250,0,53,17.746,5,640,480,351
synthetic_0310_sensor_noise_and_blur.png,4,sensor_noise_and_blur,1,104,170,6,Terminal_B,231,0,64,17.721,3,640,480,352
synthetic_0311_sensor_noise_and_blur.png,4,sensor_noise_and_blur,1,83,351,8,Terminal_B,235,0,67,8.876,3,640,480,353
synthetic_0312_sensor_noise_and_blur.png,4,sensor_noise_and_blur,1,225,431,5,Terminal_B,255,0,72,9.07,3,640,480,354
synthetic_0313_sensor_noise_and_blur.png,4,sensor_noise_and_blur,1,521,383,6,Terminal_B,243,0,20,10.389,7,640,480,355
synthetic_0314_sensor_noise_and_blur.png,4,sensor_noise_and_blur,1,472,262,8,Terminal_B,230,0,29,15.54,5,640,480,356
synthetic_0315_sensor_noise_and_blur.png,4,sensor_noise_and_blur,1,530,270,8,Terminal_B,237,0,60,11.325,3,640,480,357
synthetic_0316_sensor_noise_and_blur.png,4,sensor_noise_and_blur,1,159,65,8,Terminal_B,230,0,20,15.466,7,640,480,358
synthetic_0317_sensor_noise_and_blur.png,4,sensor_noise_and_blur,1,445,218,7,Terminal_B,232,0,22,21.314,7,640,480,359
synthetic_0318_sensor_noise_and_blur.png,4,sensor_noise_and_blur,1,228,111,5,Terminal_B,242,0,35,15.156,5,640,480,360
synthetic_0319_sensor_noise_and_blur.png,4,sensor_noise_and_blur,1,278,185,7,Terminal_B,253,0,34,21.88,5,640,480,361
synthetic_0320_sensor_noise_and_blur.png,4,sensor_noise_and_blur,1,596,378,5,Terminal_B,252,0,31,12.529,3,640,480,362
synthetic_0321_sensor_noise_and_blur.png,4,sensor_noise_and_blur,1,114,213,7,Terminal_B,226,0,24,10.136,5,640,480,363
synthetic_0322_sensor_noise_and_blur.png,4,sensor_noise_and_blur,1,196,299,7,Terminal_B,233,0,28,13.49,3,640,480,364
synthetic_0323_sensor_noise_and_blur.png,4,sensor_noise_and_blur,1,545,454,7,Terminal_B,227,0,47,17.89,5,640,480,365
synthetic_0324_sensor_noise_and_blur.png,4,sensor_noise_and_blur,1,446,458,6,Terminal_B,253,0,45,12.241,3,640,480,366
synthetic_0325_sensor_noise_and_blur.png,4,sensor_noise_and_blur,1,526,143,7,Terminal_B,245,0,64,17.664,5,640,480,367
synthetic_0326_sensor_noise_and_blur.png,4,sensor_noise_and_blur,1,552,279,7,Terminal_B,235,0,28,19.871,3,640,480,368
synthetic_0327_sensor_noise_and_blur.png,4,sensor_noise_and_blur,1,101,127,8,Terminal_B,251,0,51,9.672,5,640,480,369
synthetic_0328_sensor_noise_and_blur.png,4,sensor_noise_and_blur,1,164,331,6,Terminal_B,244,0,50,11.169,3,640,480,370
synthetic_0329_sensor_noise_and_blur.png,4,sensor_noise_and_blur,1,417,349,8,Terminal_B,255,0,21,10.729,5,640,480,371
synthetic_0330_sensor_noise_and_blur.png,4,sensor_noise_and_blur,1,473,136,6,Terminal_B,251,0,71,16.068,7,640,480,372
synthetic_0331_sensor_noise_and_blur.png,4,sensor_noise_and_blur,1,516,442,7,Terminal_B,226,0,22,10.652,3,640,480,373
synthetic_0332_sensor_noise_and_blur.png,4,sensor_noise_and_blur,1,470,455,6,Terminal_B,229,0,22,13.069,5,640,480,374
synthetic_0333_sensor_noise_and_blur.png,4,sensor_noise_and_blur,1,81,258,8,Terminal_B,234,0,49,8.486,3,640,480,375
synthetic_0334_sensor_noise_and_blur.png,4,sensor_noise_and_blur,1,403,256,7,Terminal_B,227,0,33,8.887,5,640,480,376
synthetic_0335_sensor_noise_and_blur.png,4,sensor_noise_and_blur,1,147,412,6,Terminal_B,240,0,72,11.602,7,640,480,377
synthetic_0336_sensor_noise_and_blur.png,4,sensor_noise_and_blur,1,551,394,8,Terminal_B,231,0,33,14.472,5,640,480,378
synthetic_0337_sensor_noise_and_blur.png,4,sensor_noise_and_blur,1,444,36,6,Terminal_B,246,0,46,11.734,3,640,480,379
synthetic_0338_sensor_noise_and_blur.png,4,sensor_noise_and_blur,1,31,289,8,Terminal_B,252,0,55,10.216,7,640,480,380
synthetic_0339_sensor_noise_and_blur.png,4,sensor_noise_and_blur,1,247,124,7,Terminal_B,226,0,43,21.148,5,640,480,381
synthetic_0340_sensor_noise_and_blur.png,4,sensor_noise_and_blur,1,174,82,6,Terminal_B,253,0,74,9.024,7,640,480,382
synthetic_0341_sensor_noise_and_blur.png,4,sensor_noise_and_blur,1,244,302,5,Terminal_B,242,0,27,16.748,3,640,480,383
synthetic_0342_sensor_noise_and_blur.png,4,sensor_noise_and_blur,1,293,390,5,Terminal_B,241,0,74,20.374,5,640,480,384
synthetic_0343_sensor_noise_and_blur.png,4,sensor_noise_and_blur,1,477,262,7,Terminal_B,241,0,49,18.634,5,640,480,385
synthetic_0344_sensor_noise_and_blur.png,4,sensor_noise_and_blur,1,105,211,7,Terminal_B,246,0,71,16.529,5,640,480,386
synthetic_0345_sensor_noise_and_blur.png,4,sensor_noise_and_blur,1,318,308,8,Terminal_B,249,0,41,17.251,3,640,480,387
synthetic_0346_sensor_noise_and_blur.png,4,sensor_noise_and_blur,1,131,421,7,Terminal_B,229,0,38,20.748,5,640,480,388
synthetic_0347_sensor_noise_and_blur.png,4,sensor_noise_and_blur,1,607,376,7,Terminal_B,229,0,50,11.476,3,640,480,389
synthetic_0348_sensor_noise_and_blur.png,4,sensor_noise_and_blur,1,408,245,7,Terminal_B,228,0,52,15.226,5,640,480,390
synthetic_0349_sensor_noise_and_blur.png,4,sensor_noise_and_blur,1,353,458,6,Terminal_B,248,0,39,13.024,7,640,480,391
synthetic_0350_sensor_noise_and_blur.png,4,sensor_noise_and_blur,1,241,339,7,Terminal_B,240,0,70,14.237,7,640,480,392
synthetic_0351_sensor_noise_and_blur.png,4,sensor_noise_and_blur,1,181,426,8,Terminal_B,251,0,46,10.783,3,640,480,393
synthetic_0352_sensor_noise_and_blur.png,4,sensor_noise_and_blur,1,139,337,7,Terminal_B,239,0,31,21.235,7,640,480,394
synthetic_0353_sensor_noise_and_blur.png,4,sensor_noise_and_blur,1,290,379,8,Terminal_B,244,0,20,16.936,3,640,480,395
synthetic_0354_sensor_noise_and_blur.png,4,sensor_noise_and_blur,1,141,337,5,Terminal_B,252,0,29,15.71,3,640,480,396
synthetic_0355_sensor_noise_and_blur.png,4,sensor_noise_and_blur,1,455,137,5,Terminal_B,246,0,74,17.957,3,640,480,397
synthetic_0356_sensor_noise_and_blur.png,4,sensor_noise_and_blur,1,271,173,7,Terminal_B,249,0,53,19.096,5,640,480,398
synthetic_0357_sensor_noise_and_blur.png,4,sensor_noise_and_blur,1,377,47,7,Terminal_B,226,0,44,9.492,7,640,480,399
synthetic_0358_sensor_noise_and_blur.png,4,sensor_noise_and_blur,1,97,333,5,Terminal_B,245,0,63,17.334,5,640,480,400
synthetic_0359_sensor_noise_and_blur.png,4,sensor_noise_and_blur,1,359,137,7,Terminal_B,232,0,45,21.168,7,640,480,401
synthetic_0360_sensor_noise_and_blur.png,4,sensor_noise_and_blur,1,258,165,6,Terminal_B,247,0,39,8.782,7,640,480,402
synthetic_0361_sensor_noise_and_blur.png,4,sensor_noise_and_blur,1,587,124,5,Terminal_B,230,0,48,8.099,7,640,480,403
synthetic_0362_sensor_noise_and_blur.png,4,sensor_noise_and_blur,1,487,230,6,Terminal_B,252,0,61,16.544,7,640,480,404
synthetic_0363_sensor_noise_and_blur.png,4,sensor_noise_and_blur,1,465,180,5,Terminal_B,238,0,44,20.443,3,640,480,405
synthetic_0364_sensor_noise_and_blur.png,4,sensor_noise_and_blur,1,223,91,8,Terminal_B,255,0,73,15.437,7,640,480,406
synthetic_0365_sensor_noise_and_blur.png,4,sensor_noise_and_blur,1,309,127,6,Terminal_B,247,0,56,13.618,7,640,480,407
synthetic_0366_sensor_noise_and_blur.png,4,sensor_noise_and_blur,1,272,61,8,Terminal_B,250,0,37,14.223,3,640,480,408
synthetic_0367_sensor_noise_and_blur.png,4,sensor_noise_and_blur,1,68,69,6,Terminal_B,246,0,63,10.038,5,640,480,409
synthetic_0368_sensor_noise_and_blur.png,4,sensor_noise_and_blur,1,273,352,6,Terminal_B,227,0,31,8.165,7,640,480,410
synthetic_0369_sensor_noise_and_blur.png,4,sensor_noise_and_blur,1,129,423,6,Terminal_B,227,0,67,8.86,5,640,480,411
synthetic_0370_sensor_noise_and_blur.png,4,sensor_noise_and_blur,1,610,201,8,Terminal_B,238,0,59,10.622,5,640,480,412
synthetic_0371_sensor_noise_and_blur.png,4,sensor_noise_and_blur,1,396,285,6,Terminal_B,227,0,66,10.514,5,640,480,413
synthetic_0372_sensor_noise_and_blur.png,4,sensor_noise_and_blur,1,229,343,7,Terminal_B,246,0,66,13.88,5,640,480,414
synthetic_0373_sensor_noise_and_blur.png,4,sensor_noise_and_blur,1,342,364,6,Terminal_B,251,0,31,19.537,3,640,480,415
synthetic_0374_sensor_noise_and_blur.png,4,sensor_noise_and_blur,1,491,214,7,Terminal_B,233,0,30,9.794,7,640,480,416
synthetic_0375_target_with_false_beacons.png,5,target_with_false_beacons,1,25,89,6,Terminal_B,244,4,17,0.0,0,640,480,417
synthetic_0376_target_with_false_beacons.png,5,target_with_false_beacons,1,312,302,5,Terminal_B,232,4,19,0.0,0,640,480,418
synthetic_0377_target_with_false_beacons.png,5,target_with_false_beacons,1,151,157,7,Terminal_B,225,2,38,0.0,0,640,480,419
synthetic_0378_target_with_false_beacons.png,5,target_with_false_beacons,1,265,428,5,Terminal_B,254,5,53,0.0,0,640,480,420
synthetic_0379_target_with_false_beacons.png,5,target_with_false_beacons,1,517,299,8,Terminal_B,232,3,40,0.0,0,640,480,421
synthetic_0380_target_with_false_beacons.png,5,target_with_false_beacons,1,131,290,6,Terminal_B,230,2,52,0.0,0,640,480,422
synthetic_0381_target_with_false_beacons.png,5,target_with_false_beacons,1,508,383,6,Terminal_B,234,3,52,0.0,0,640,480,423
synthetic_0382_target_with_false_beacons.png,5,target_with_false_beacons,1,128,277,8,Terminal_B,228,2,36,0.0,0,640,480,424
synthetic_0383_target_with_false_beacons.png,5,target_with_false_beacons,1,219,334,8,Terminal_B,248,4,47,0.0,0,640,480,425
synthetic_0384_target_with_false_beacons.png,5,target_with_false_beacons,1,461,259,6,Terminal_B,225,4,54,0.0,0,640,480,426
synthetic_0385_target_with_false_beacons.png,5,target_with_false_beacons,1,61,417,6,Terminal_B,228,3,27,0.0,0,640,480,427
synthetic_0386_target_with_false_beacons.png,5,target_with_false_beacons,1,405,154,7,Terminal_B,228,5,53,0.0,0,640,480,428
synthetic_0387_target_with_false_beacons.png,5,target_with_false_beacons,1,235,345,5,Terminal_B,236,4,29,0.0,0,640,480,429
synthetic_0388_target_with_false_beacons.png,5,target_with_false_beacons,1,333,100,7,Terminal_B,237,6,25,0.0,0,640,480,430
synthetic_0389_target_with_false_beacons.png,5,target_with_false_beacons,1,425,334,8,Terminal_B,228,2,29,0.0,0,640,480,431
synthetic_0390_target_with_false_beacons.png,5,target_with_false_beacons,1,255,306,7,Terminal_B,250,5,44,0.0,0,640,480,432
synthetic_0391_target_with_false_beacons.png,5,target_with_false_beacons,1,323,297,8,Terminal_B,245,6,25,0.0,0,640,480,433
synthetic_0392_target_with_false_beacons.png,5,target_with_false_beacons,1,28,398,8,Terminal_B,243,5,21,0.0,0,640,480,434
synthetic_0393_target_with_false_beacons.png,5,target_with_false_beacons,1,560,123,8,Terminal_B,251,3,18,0.0,0,640,480,435
synthetic_0394_target_with_false_beacons.png,5,target_with_false_beacons,1,584,94,8,Terminal_B,226,3,16,0.0,0,640,480,436
synthetic_0395_target_with_false_beacons.png,5,target_with_false_beacons,1,199,33,7,Terminal_B,251,2,27,0.0,0,640,480,437
synthetic_0396_target_with_false_beacons.png,5,target_with_false_beacons,1,161,314,8,Terminal_B,232,3,57,0.0,0,640,480,438
synthetic_0397_target_with_false_beacons.png,5,target_with_false_beacons,1,193,26,6,Terminal_B,229,4,24,0.0,0,640,480,439
synthetic_0398_target_with_false_beacons.png,5,target_with_false_beacons,1,304,39,7,Terminal_B,231,2,29,0.0,0,640,480,440
synthetic_0399_target_with_false_beacons.png,5,target_with_false_beacons,1,199,410,6,Terminal_B,242,5,34,0.0,0,640,480,441
synthetic_0400_target_with_false_beacons.png,5,target_with_false_beacons,1,526,412,5,Terminal_B,233,3,52,0.0,0,640,480,442
synthetic_0401_target_with_false_beacons.png,5,target_with_false_beacons,1,258,265,5,Terminal_B,251,3,29,0.0,0,640,480,443
synthetic_0402_target_with_false_beacons.png,5,target_with_false_beacons,1,173,223,8,Terminal_B,254,5,42,0.0,0,640,480,444
synthetic_0403_target_with_false_beacons.png,5,target_with_false_beacons,1,67,271,5,Terminal_B,251,5,41,0.0,0,640,480,445
synthetic_0404_target_with_false_beacons.png,5,target_with_false_beacons,1,438,134,8,Terminal_B,248,6,19,0.0,0,640,480,446
synthetic_0405_target_with_false_beacons.png,5,target_with_false_beacons,1,524,256,6,Terminal_B,235,5,36,0.0,0,640,480,447
synthetic_0406_target_with_false_beacons.png,5,target_with_false_beacons,1,408,302,8,Terminal_B,239,5,18,0.0,0,640,480,448
synthetic_0407_target_with_false_beacons.png,5,target_with_false_beacons,1,257,62,7,Terminal_B,241,6,54,0.0,0,640,480,449
synthetic_0408_target_with_false_beacons.png,5,target_with_false_beacons,1,324,194,6,Terminal_B,250,2,28,0.0,0,640,480,450
synthetic_0409_target_with_false_beacons.png,5,target_with_false_beacons,1,460,56,6,Terminal_B,248,5,42,0.0,0,640,480,451
synthetic_0410_target_with_false_beacons.png,5,target_with_false_beacons,1,503,33,7,Terminal_B,246,2,57,0.0,0,640,480,452
synthetic_0411_target_with_false_beacons.png,5,target_with_false_beacons,1,567,122,5,Terminal_B,240,4,44,0.0,0,640,480,453
synthetic_0412_target_with_false_beacons.png,5,target_with_false_beacons,1,529,205,7,Terminal_B,241,4,36,0.0,0,640,480,454
synthetic_0413_target_with_false_beacons.png,5,target_with_false_beacons,1,383,103,5,Terminal_B,251,2,27,0.0,0,640,480,455
synthetic_0414_target_with_false_beacons.png,5,target_with_false_beacons,1,130,422,7,Terminal_B,238,4,52,0.0,0,640,480,456
synthetic_0415_target_with_false_beacons.png,5,target_with_false_beacons,1,201,339,5,Terminal_B,249,6,16,0.0,0,640,480,457
synthetic_0416_target_with_false_beacons.png,5,target_with_false_beacons,1,597,308,6,Terminal_B,245,6,59,0.0,0,640,480,458
synthetic_0417_target_with_false_beacons.png,5,target_with_false_beacons,1,49,109,6,Terminal_B,226,4,33,0.0,0,640,480,459
synthetic_0418_target_with_false_beacons.png,5,target_with_false_beacons,1,450,213,8,Terminal_B,242,4,41,0.0,0,640,480,460
synthetic_0419_target_with_false_beacons.png,5,target_with_false_beacons,1,372,428,7,Terminal_B,233,2,53,0.0,0,640,480,461
synthetic_0420_target_with_false_beacons.png,5,target_with_false_beacons,1,115,123,5,Terminal_B,229,5,33,0.0,0,640,480,462
synthetic_0421_target_with_false_beacons.png,5,target_with_false_beacons,1,272,329,8,Terminal_B,240,2,45,0.0,0,640,480,463
synthetic_0422_target_with_false_beacons.png,5,target_with_false_beacons,1,139,406,7,Terminal_B,232,4,24,0.0,0,640,480,464
synthetic_0423_target_with_false_beacons.png,5,target_with_false_beacons,1,279,255,5,Terminal_B,247,3,42,0.0,0,640,480,465
synthetic_0424_target_with_false_beacons.png,5,target_with_false_beacons,1,505,356,6,Terminal_B,249,4,45,0.0,0,640,480,466
synthetic_0425_target_with_false_beacons.png,5,target_with_false_beacons,1,593,280,6,Terminal_B,238,6,49,0.0,0,640,480,467
synthetic_0426_target_with_false_beacons.png,5,target_with_false_beacons,1,598,318,8,Terminal_B,235,3,17,0.0,0,640,480,468
synthetic_0427_target_with_false_beacons.png,5,target_with_false_beacons,1,474,271,6,Terminal_B,242,2,22,0.0,0,640,480,469
synthetic_0428_target_with_false_beacons.png,5,target_with_false_beacons,1,209,309,7,Terminal_B,251,3,17,0.0,0,640,480,470
synthetic_0429_target_with_false_beacons.png,5,target_with_false_beacons,1,295,369,8,Terminal_B,246,5,46,0.0,0,640,480,471
synthetic_0430_target_with_false_beacons.png,5,target_with_false_beacons,1,465,100,6,Terminal_B,254,5,46,0.0,0,640,480,472
synthetic_0431_target_with_false_beacons.png,5,target_with_false_beacons,1,417,305,6,Terminal_B,248,3,48,0.0,0,640,480,473
synthetic_0432_target_with_false_beacons.png,5,target_with_false_beacons,1,339,207,5,Terminal_B,247,2,48,0.0,0,640,480,474
synthetic_0433_target_with_false_beacons.png,5,target_with_false_beacons,1,622,83,5,Terminal_B,244,4,29,0.0,0,640,480,475
synthetic_0434_target_with_false_beacons.png,5,target_with_false_beacons,1,103,75,5,Terminal_B,229,2,23,0.0,0,640,480,476
synthetic_0435_target_with_false_beacons.png,5,target_with_false_beacons,1,232,120,8,Terminal_B,227,6,15,0.0,0,640,480,477
synthetic_0436_target_with_false_beacons.png,5,target_with_false_beacons,1,167,162,7,Terminal_B,233,4,46,0.0,0,640,480,478
synthetic_0437_target_with_false_beacons.png,5,target_with_false_beacons,1,529,280,7,Terminal_B,248,3,15,0.0,0,640,480,479
synthetic_0438_target_with_false_beacons.png,5,target_with_false_beacons,1,156,91,5,Terminal_B,229,5,53,0.0,0,640,480,480
synthetic_0439_target_with_false_beacons.png,5,target_with_false_beacons,1,359,383,8,Terminal_B,235,5,36,0.0,0,640,480,481
synthetic_0440_target_with_false_beacons.png,5,target_with_false_beacons,1,536,355,6,Terminal_B,232,3,51,0.0,0,640,480,482
synthetic_0441_target_with_false_beacons.png,5,target_with_false_beacons,1,84,35,8,Terminal_B,230,4,40,0.0,0,640,480,483
synthetic_0442_target_with_false_beacons.png,5,target_with_false_beacons,1,378,411,6,Terminal_B,254,4,17,0.0,0,640,480,484
synthetic_0443_target_with_false_beacons.png,5,target_with_false_beacons,1,602,283,7,Terminal_B,240,6,23,0.0,0,640,480,485
synthetic_0444_target_with_false_beacons.png,5,target_with_false_beacons,1,46,349,8,Terminal_B,231,2,35,0.0,0,640,480,486
synthetic_0445_target_with_false_beacons.png,5,target_with_false_beacons,1,185,454,5,Terminal_B,239,4,56,0.0,0,640,480,487
synthetic_0446_target_with_false_beacons.png,5,target_with_false_beacons,1,326,225,8,Terminal_B,245,5,54,0.0,0,640,480,488
synthetic_0447_target_with_false_beacons.png,5,target_with_false_beacons,1,71,379,8,Terminal_B,252,5,50,0.0,0,640,480,489
synthetic_0448_target_with_false_beacons.png,5,target_with_false_beacons,1,225,459,5,Terminal_B,252,2,15,0.0,0,640,480,490
synthetic_0449_target_with_false_beacons.png,5,target_with_false_beacons,1,297,368,5,Terminal_B,234,2,46,0.0,0,640,480,491
synthetic_0450_target_not_visible.png,6,target_not_visible,0,-1,-1,0,Terminal_B,0,3,80,0.0,0,640,480,492
synthetic_0451_target_not_visible.png,6,target_not_visible,0,-1,-1,0,Terminal_B,0,1,70,0.0,0,640,480,493
synthetic_0452_target_not_visible.png,6,target_not_visible,0,-1,-1,0,Terminal_B,0,1,114,0.0,0,640,480,494
synthetic_0453_target_not_visible.png,6,target_not_visible,0,-1,-1,0,Terminal_B,0,1,61,0.0,0,640,480,495
synthetic_0454_target_not_visible.png,6,target_not_visible,0,-1,-1,0,Terminal_B,0,1,73,0.0,0,640,480,496
synthetic_0455_target_not_visible.png,6,target_not_visible,0,-1,-1,0,Terminal_B,0,1,116,0.0,0,640,480,497
synthetic_0456_target_not_visible.png,6,target_not_visible,0,-1,-1,0,Terminal_B,0,4,70,0.0,0,640,480,498
synthetic_0457_target_not_visible.png,6,target_not_visible,0,-1,-1,0,Terminal_B,0,2,36,0.0,0,640,480,499
synthetic_0458_target_not_visible.png,6,target_not_visible,0,-1,-1,0,Terminal_B,0,2,52,0.0,0,640,480,500
synthetic_0459_target_not_visible.png,6,target_not_visible,0,-1,-1,0,Terminal_B,0,1,101,0.0,0,640,480,501
synthetic_0460_target_not_visible.png,6,target_not_visible,0,-1,-1,0,Terminal_B,0,1,42,0.0,0,640,480,502
synthetic_0461_target_not_visible.png,6,target_not_visible,0,-1,-1,0,Terminal_B,0,2,105,0.0,0,640,480,503
synthetic_0462_target_not_visible.png,6,target_not_visible,0,-1,-1,0,Terminal_B,0,3,113,0.0,0,640,480,504
synthetic_0463_target_not_visible.png,6,target_not_visible,0,-1,-1,0,Terminal_B,0,4,54,0.0,0,640,480,505
synthetic_0464_target_not_visible.png,6,target_not_visible,0,-1,-1,0,Terminal_B,0,3,90,0.0,0,640,480,506
synthetic_0465_target_not_visible.png,6,target_not_visible,0,-1,-1,0,Terminal_B,0,1,102,0.0,0,640,480,507
synthetic_0466_target_not_visible.png,6,target_not_visible,0,-1,-1,0,Terminal_B,0,1,46,0.0,0,640,480,508
synthetic_0467_target_not_visible.png,6,target_not_visible,0,-1,-1,0,Terminal_B,0,2,107,0.0,0,640,480,509
synthetic_0468_target_not_visible.png,6,target_not_visible,0,-1,-1,0,Terminal_B,0,2,114,0.0,0,640,480,510
synthetic_0469_target_not_visible.png,6,target_not_visible,0,-1,-1,0,Terminal_B,0,2,95,0.0,0,640,480,511
synthetic_0470_target_not_visible.png,6,target_not_visible,0,-1,-1,0,Terminal_B,0,1,46,0.0,0,640,480,512
synthetic_0471_target_not_visible.png,6,target_not_visible,0,-1,-1,0,Terminal_B,0,4,82,0.0,0,640,480,513
synthetic_0472_target_not_visible.png,6,target_not_visible,0,-1,-1,0,Terminal_B,0,4,102,0.0,0,640,480,514
synthetic_0473_target_not_visible.png,6,target_not_visible,0,-1,-1,0,Terminal_B,0,3,73,0.0,0,640,480,515
synthetic_0474_target_not_visible.png,6,target_not_visible,0,-1,-1,0,Terminal_B,0,1,94,0.0,0,640,480,516
synthetic_0475_target_not_visible.png,6,target_not_visible,0,-1,-1,0,Terminal_B,0,3,119,0.0,0,640,480,517
synthetic_0476_target_not_visible.png,6,target_not_visible,0,-1,-1,0,Terminal_B,0,3,46,0.0,0,640,480,518
synthetic_0477_target_not_visible.png,6,target_not_visible,0,-1,-1,0,Terminal_B,0,4,110,0.0,0,640,480,519
synthetic_0478_target_not_visible.png,6,target_not_visible,0,-1,-1,0,Terminal_B,0,1,55,0.0,0,640,480,520
synthetic_0479_target_not_visible.png,6,target_not_visible,0,-1,-1,0,Terminal_B,0,2,87,0.0,0,640,480,521
synthetic_0480_target_not_visible.png,6,target_not_visible,0,-1,-1,0,Terminal_B,0,3,65,0.0,0,640,480,522
synthetic_0481_target_not_visible.png,6,target_not_visible,0,-1,-1,0,Terminal_B,0,1,45,0.0,0,640,480,523
synthetic_0482_target_not_visible.png,6,target_not_visible,0,-1,-1,0,Terminal_B,0,1,81,0.0,0,640,480,524
synthetic_0483_target_not_visible.png,6,target_not_visible,0,-1,-1,0,Terminal_B,0,1,43,0.0,0,640,480,525
synthetic_0484_target_not_visible.png,6,target_not_visible,0,-1,-1,0,Terminal_B,0,3,93,0.0,0,640,480,526
synthetic_0485_target_not_visible.png,6,target_not_visible,0,-1,-1,0,Terminal_B,0,2,109,0.0,0,640,480,527
synthetic_0486_target_not_visible.png,6,target_not_visible,0,-1,-1,0,Terminal_B,0,3,90,0.0,0,640,480,528
synthetic_0487_target_not_visible.png,6,target_not_visible,0,-1,-1,0,Terminal_B,0,1,53,0.0,0,640,480,529
synthetic_0488_target_not_visible.png,6,target_not_visible,0,-1,-1,0,Terminal_B,0,1,89,0.0,0,640,480,530
synthetic_0489_target_not_visible.png,6,target_not_visible,0,-1,-1,0,Terminal_B,0,1,117,0.0,0,640,480,531
synthetic_0490_target_not_visible.png,6,target_not_visible,0,-1,-1,0,Terminal_B,0,1,80,0.0,0,640,480,532
synthetic_0491_target_not_visible.png,6,target_not_visible,0,-1,-1,0,Terminal_B,0,4,50,0.0,0,640,480,533
synthetic_0492_target_not_visible.png,6,target_not_visible,0,-1,-1,0,Terminal_B,0,3,83,0.0,0,640,480,534
synthetic_0493_target_not_visible.png,6,target_not_visible,0,-1,-1,0,Terminal_B,0,2,81,0.0,0,640,480,535
synthetic_0494_target_not_visible.png,6,target_not_visible,0,-1,-1,0,Terminal_B,0,4,35,0.0,0,640,480,536
synthetic_0495_target_not_visible.png,6,target_not_visible,0,-1,-1,0,Terminal_B,0,4,107,0.0,0,640,480,537
synthetic_0496_target_not_visible.png,6,target_not_visible,0,-1,-1,0,Terminal_B,0,4,77,0.0,0,640,480,538
synthetic_0497_target_not_visible.png,6,target_not_visible,0,-1,-1,0,Terminal_B,0,2,90,0.0,0,640,480,539
synthetic_0498_target_not_visible.png,6,target_not_visible,0,-1,-1,0,Terminal_B,0,4,39,0.0,0,640,480,540
synthetic_0499_target_not_visible.png,6,target_not_visible,0,-1,-1,0,Terminal_B,0,2,39,0.0,0,640,480,541
